Dataset,Model,MGU@10,DGU@10,DivRatio@10,ORRatio@10,PredictNotInRatio@10
Goodreads,Beam_Search_Negative_Generate_CD,0.011879364026443684,0.042384285147291395,0.09088176352705411,0.06723446893787575,0.813
