Dataset,Model,MGU@10,DGU@10,DivRatio@10,ORRatio@10,PredictNotInRatio@10
Goodreads,Beam_Search_Negative_Generate_CD,0.011980170870633607,0.0396697215046527,0.09569138276553106,0.09278557114228457,0.855
