Dataset,Model,MGU@10,DGU@10,DivRatio@10,ORRatio@10,PredictNotInRatio@10
Goodreads,SPRec_wo_STF_run2,0.01334256779634951,0.05595609183844266,0.08466933867735471,0.07494989979959919,0.639
