Dataset,Model,MGU@10,DGU@10,DivRatio@10,ORRatio@10,PredictNotInRatio@10
Goodreads,Beam_Search_Negative_Generate_CD,0.011888792452729292,0.04099795695406755,0.0907815631262525,0.06853707414829659,0.797
