Dataset,Model,MGU@5,DGU@5,DivRatio@5,ORRatio@5,PredictNotInRatio@5
Goodreads,Beam_Search_Negative_Generate_CD,0.017148775715475663,0.059926391888599675,0.11523046092184369,0.14649298597194388,0.853
