Dataset,Model,MGU@10,DGU@10,DivRatio@10,ORRatio@10,PredictNotInRatio@10
Goodreads,Beam_Search_Negative_Generate_CD,0.01239554797824954,0.04066291323237807,0.09168336673346693,0.09799599198396794,0.853
