Dataset,Model,MGU@5,DGU@5,DivRatio@5,ORRatio@5,PredictNotInRatio@5
Goodreads,Beam_Search_Negative_Generate_CD,0.017124244293005814,0.06425690856031437,0.12324649298597194,0.10581162324649299,0.784
