Dataset,Model,MGU@10,DGU@10,DivRatio@10,ORRatio@10,PredictNotInRatio@10
Goodreads,Beam_Search_Negative_Generate_CD,0.012325124507835681,0.04108710369601444,0.0969939879759519,0.06853707414829659,0.784
