Dataset,Model,MGU@5,DGU@5,DivRatio@5,ORRatio@5
Goodreads,origin_opt-350m,0.06558388418043991,0.32710607898638344,0.001002004008016032,0.6
