Dataset,Model,MGU@5,DGU@5,DivRatio@5,ORRatio@5
Goodreads,STF_tuned_1024,0.08298108001793603,0.25786123466774585,0.001002004008016032,0.6
