Dataset,Model,MGU@10,DGU@10,DivRatio@10,ORRatio@10
Goodreads,smolLM2-1.7B-lora-dpo-run3,0.01482899778614412,0.07479103279971074,0.07364729458917836,0.08687374749498998
