Dataset,Model,MGU@10,DGU@10,DivRatio@10,ORRatio@10
Goodreads,Clustering-Exposure_Balanced_Sampling_run1,0.014822265651170466,0.05969111566205201,0.06693386773547094,0.06152304609218437
