Dataset,Model,MGU@5,DGU@5,DivRatio@5,ORRatio@5,PredictNotInRatio@5
Goodreads,Beam_Search_Negative_Generate_CD,0.010055925281037345,0.040011041058954686,0.15671342685370743,0.14609218436873747,0.943
