Dataset,Model,MGU@10,DGU@10,DivRatio@10,ORRatio@10,PredictNotInRatio@10
Goodreads,Beam_Search_Negative_Generate_CD,0.010425184421635524,0.03814514426215633,0.11482965931863727,0.10190380761523046,0.943
