Dataset,Model,MGU@10,DGU@10,DivRatio@10,ORRatio@10
Goodreads,Clustering-Exposure_Balanced_Sampling_run1,0.014919073764713785,0.05932833713966848,0.06673346693386774,0.06312625250501001
