Dataset,Model,MGU@10,DGU@10,DivRatio@10,ORRatio@10,PredictNotInRatio@10
Goodreads,Beam_Search_Negative_Generate_CD/Div_on_SFT_tuned_p_2.0,0.012317432314376991,0.042527187161635976,0.10340681362725451,0.08867735470941884,0.863
