Dataset,Model,MGU@10,DGU@10,DivRatio@10,ORRatio@10
Goodreads,Clustering-Exposure_Balanced_Sampling_run1,0.01668519669348247,0.07682744121716639,0.061923847695390784,0.09398797595190381
