Dataset,Model,MGU@10,DGU@10,DivRatio@10,ORRatio@10,PredictNotInRatio@10
Goodreads,Beam_Search_Negative_Generate_CD,0.013454019520756186,0.05101134037339361,0.09789579158316633,0.06703406813627255,0.787
