Dataset,Model,MGU@5,DGU@5,DivRatio@5,ORRatio@5,PredictNotInRatio@5
Goodreads,Beam_Search_Negative_Generate_CD,0.017493386365830196,0.05859385014784499,0.13046092184368738,0.10601202404809619,0.796
