Dataset,Model,MGU@10,DGU@10,DivRatio@10,ORRatio@10,PredictNotInRatio@10
Goodreads,Beam_Search_Negative_Generate_CD,0.012979925906043221,0.048097064695189234,0.10070140280561123,0.07094188376753507,0.796
