Dataset,Model,MGU@10,DGU@10,DivRatio@10,ORRatio@10
Goodreads,Clustering-Exposure_Balanced_Sampling_run1,0.017203007899331116,0.07990193420732405,0.061122244488977955,0.11663326653306613
