Dataset,Model,MGU@10,DGU@10,DivRatio@10,ORRatio@10
Goodreads,smolLM2-1.7B-lora-run3,0.04679060382745977,0.2263596845936144,0.001002004008016032,0.3
