Dataset,Model,MGU@10,DGU@10,DivRatio@10,ORRatio@10
Goodreads,smolLM2-1.7B-lora-run3,0.01635301638359573,0.06153023336558505,0.06092184368737475,0.07074148296593187
