Dataset,Model,MGU@15,DGU@15,DivRatio@15,ORRatio@15
Goodreads,smolLM2-1.7B-lora-run3,0.050803301506614315,0.20612158935551728,0.001002004008016032,0.2
