Dataset,Model,MGU@10,DGU@10,DivRatio@10,ORRatio@10
Goodreads,Clustering-Exposure_Balanced_Sampling_run1,0.015473520887073915,0.06034123655925236,0.06953907815631262,0.062024048096192386
