Dataset,Model,MGU@5,DGU@5,DivRatio@5,ORRatio@5,PredictNotInRatio@5
Goodreads,Beam_Search_Negative_Generate_CD,0.010278187528474382,0.04104560249444632,0.16773547094188376,0.10761523046092185,0.902
