Dataset,Model,MGU@10,DGU@10,DivRatio@10,ORRatio@10,PredictNotInRatio@10
Goodreads,Beam_Search_Negative_Generate_CD,0.010695994293300861,0.03860912724177107,0.12274549098196393,0.07625250501002004,0.902
