Dataset,Model,MGU@10,DGU@10,DivRatio@10,ORRatio@10
Goodreads,DPO_RN_on_SFT-1,0.016072795743001553,0.06005473759957883,0.06713426853707415,0.06482965931863728
