Dataset,Model,MGU@10,DGU@10,DivRatio@10,ORRatio@10
Goodreads,SPRec_run1,0.017211960490669802,0.07965541037721455,0.06092184368737475,0.10040080160320641
