Dataset,Model,MGU@10,DGU@10,DivRatio@10,ORRatio@10
Goodreads,SPRec_on_SFT-1,0.015263335670335384,0.06176408172570952,0.06953907815631262,0.05861723446893788
